Name,Email,Address
"Jesus Jenkins",qwest@example.org,"894 Roberta Bypass
East Mariettatown, AZ 58762-3768"
"Kip Swift",verner87@example.com,"3824 Isabella Alley
Medhurstmouth, MI 29960"
"Mr. Brody Grimes Jr.",zboehm@example.net,"71013 Rogahn Park
Lake Kadeville, VA 17071"
"Michaela Nienow",ally.gerhold@example.com,"39537 Bogan Burg Suite 492
Lake Emilborough, WA 08756-3300"
"Moriah Koelpin",emily.mueller@example.org,"7175 Guillermo Station Apt. 749
Annabellton, VT 66997"
"Cornell Lehner",isobel50@example.com,"52134 Kris Wall
Hilariofurt, OK 82847-1370"
"Hailie Bahringer MD",natasha08@example.net,"9997 Emard Plaza
Candelarioville, AL 36109"
"Brice Ebert",ona.west@example.org,"8602 Schuppe Terrace
Manntown, WI 38972"
"Dr. Nicolas Reynolds MD",xschmidt@example.com,"923 Juanita Curve
Reichertbury, MI 18571"
"Carissa Johnston III",sschimmel@example.com,"8038 Vandervort Mountain
North Gerard, IL 60133"
"Freeman Walker I",xzulauf@example.com,"190 Jamie Views
New Roosevelt, KS 48857"
"Albertha Stark Sr.",ostreich@example.com,"5242 Lebsack Ferry
East Adriana, MO 21511"
"Garland Upton",paul.hills@example.com,"82296 Lang Viaduct
Jonesshire, SC 09760"
"Jany Conroy",mills.willow@example.com,"9416 Pagac Points
Hanemouth, ID 99579"
"Toy Witting",jennings.zulauf@example.com,"92073 Robin Isle
West Noahville, WY 05842"
"Prof. Cornell Kerluke PhD",isidro.bernier@example.com,"25442 Olen Street
North Sunnyton, MN 73323"
"Dr. Dangelo Roberts",timmothy17@example.org,"900 Toy Locks Apt. 472
Madalinestad, IL 67857-6056"
"Miss Delilah Raynor",benny.quitzon@example.com,"928 Corkery Forks Apt. 336
Jeromytown, IA 13691-7679"
"Prof. Kade Koss",ggibson@example.org,"12442 Beier Street Apt. 590
North Taraberg, OH 32316-5709"
"Aylin Runolfsdottir",maltenwerth@example.com,"88542 Enid View
Madiefurt, AR 20404-7553"
"Mr. Earl Conroy III",hfranecki@example.com,"54162 Ericka Heights
New Ellen, ID 59905-1593"
"Karson Mante",becker.deanna@example.org,"9599 Zboncak Viaduct Apt. 387
Boylemouth, AL 57289"
"Haleigh Koepp",skshlerin@example.com,"940 Cremin Flat Suite 554
Ferminmouth, RI 07175"
"Ewald Kunde",cristal.hoppe@example.org,"43578 Franecki Spur
East Mertieland, MO 56634"
"Mr. Jayme Bruen IV",beau.doyle@example.org,"7259 Cassin Hollow
Brennastad, IN 07935"
"Cruz Greenholt",emmitt.huel@example.org,"78876 Aileen Forest
West Scot, CA 20057"
"Isabella Batz",arianna.kling@example.net,"203 Ramiro Heights
Einoside, NC 11559-5104"
"Morton Parker",hugh19@example.org,"477 Lockman Trace Apt. 716
Carrollland, FL 86478-6281"
"Brigitte Prohaska",bernadine.gutmann@example.org,"96020 Schaden Walk Apt. 840
East Kayley, AZ 60775"
"Alba Kihn",sconn@example.org,"20158 Bahringer Crossing Suite 379
Halliehaven, OH 87460"
"Forrest Rath",nolan11@example.com,"386 Bergnaum Extension Apt. 445
Nedfort, NE 19002-4964"
"Lilliana Paucek DVM",hegmann.josianne@example.com,"71185 Waelchi Pine Suite 121
Hilpertberg, DC 41920"
"Maya Nienow",jamey38@example.org,"6243 Frederick Spurs Apt. 519
Ullrichmouth, KS 58654-0947"
"Columbus Hettinger",alvis37@example.com,"37706 Denis Row Apt. 931
Morissetteborough, SC 81877-0449"
"Cyril Spencer",bashirian.jaylen@example.net,"7649 Frederick Estate
East Beryl, NH 02434-5715"
"Ms. Kasey Schaden",tristin18@example.org,"97507 Myrtis Parkways Apt. 608
East Marianabury, AR 50662-5345"
"Prof. Trever Bins I",vicente76@example.net,"12851 Helene Heights Apt. 111
Thadfort, MD 43468-6548"
"Dr. Joana Nikolaus",markus.lang@example.org,"16517 Woodrow View
Athenaberg, AK 39070"
"Maymie Smith",gaylord.ernesto@example.org,"3933 Arlo Village
Port Sterling, MD 77441-3044"
"Allie Schmeler",ohagenes@example.com,"16046 Emory Circles
Port Carissatown, TN 84296"
"Dr. Spencer Lindgren",hane.josephine@example.com,"848 Neoma Track Apt. 178
Lake Milesshire, VT 70262"
"Dr. Ara Casper Sr.",larkin.amely@example.net,"47997 Lueilwitz Fall
Toystad, DC 99622-0693"
"Ms. Kasandra Upton",jaden34@example.org,"8873 Weimann Terrace Suite 079
Goodwinberg, MA 74379-9258"
"Mr. Israel Muller V",goyette.braxton@example.com,"29782 Keven Mission Apt. 079
South Justineborough, NJ 09662"
"Prof. Telly Bernier Jr.",rwaelchi@example.org,"10973 Aufderhar Grove Apt. 044
Port Sethstad, CA 14209-4961"
"Prof. Raul Jacobson DDS",cormier.jayde@example.com,"93810 Jaylen Road Suite 239
New Aracely, AR 65447"
"Dr. Jennyfer Schamberger",leone39@example.com,"10206 Hegmann Parks
Prudencefurt, MD 58176-9064"
"Vernice Wilderman",xavier77@example.org,"14013 Kristopher Terrace
Goyetteshire, VA 74007-5320"
"Dr. Josephine Hirthe",swalsh@example.org,"256 Grimes Squares Apt. 070
Altenwerthberg, VA 52804"
"Dr. Georgianna Schmitt",bulah.corkery@example.net,"31193 Raphaelle Stravenue
Port Sheldonberg, NH 15538"
"Maggie Friesen",sanford.konopelski@example.org,"168 Runolfsdottir Route
Tatemouth, KS 05627-3278"
"Omer Jacobi",haven.davis@example.com,"4431 Fae Islands Apt. 535
North Laurafort, NC 70884"
"Prof. Joanne Lubowitz",stanton.flo@example.org,"960 Eichmann Shore
New Heber, NC 48128-8990"
"Tyrese Morar",gianni67@example.com,"8021 O'Keefe Shores Suite 556
Richardville, MA 02738"
"River Willms",jadon.mohr@example.com,"26845 Schiller Glens Apt. 463
West Cassie, AR 38570"
"Mrs. Leanne Jast III",greenfelder.macie@example.com,"1287 Mayert Mills
Lake Dejuan, PA 42289-0035"
"Mallie Cremin",rrobel@example.org,"365 Cormier Harbors
Melvinmouth, DE 14134"
"Terrell McGlynn",mikayla08@example.org,"969 Weber Shores
Port Aurelia, AL 80556-9723"
"Kevin Lehner",kulas.mayra@example.com,"3670 Alvina Tunnel
Alisonton, PA 14625-5405"
"Kody Cronin",fcronin@example.net,"55505 Ritchie Center
Wisozkfurt, KY 30900"
"Green Rowe",glen.morar@example.org,"1677 Rodolfo Road Apt. 254
New Carolanne, MN 12820"
"Rogelio Nader Sr.",rory83@example.com,"877 Avis Orchard
Kentonton, MO 26057"
"Herta Bashirian",roslyn.sipes@example.net,"719 Jamir Station Suite 545
Lake Quinnville, NY 80459"
"Broderick Purdy I",hector72@example.org,"552 Joe Meadows
Wildermanhaven, OH 44643-6825"
"Desiree Auer",randi.leuschke@example.org,"6012 Goldner Pass
Port Myrl, WA 40599-1689"
"Morgan Sporer",nicolas.lolita@example.com,"5550 Swift Cliffs
Lake Clemens, NE 24686-5869"
"Hobart Wisoky",sbins@example.org,"463 Zulauf Islands
New Orlo, MT 41319"
"Sigmund Haag Sr.",johns.cicero@example.net,"7930 Marianne Freeway
South Burley, ID 07134-7325"
"Perry Cummings",robin95@example.com,"383 Kunde Haven
Lake Eulaliafurt, MN 39450"
"Ernestina Lueilwitz MD",xspencer@example.org,"875 Cassin Overpass
West Pascaleton, WI 60691-6590"
"Mr. Wilfrid Greenfelder",gcorkery@example.org,"221 Makenzie Oval
Port Malachichester, CA 03657"
"Lorenz Hauck",beier.maxine@example.org,"418 Tyrell Summit
Janicefurt, RI 63863-1540"
"Dr. Dillon Dibbert Sr.",bailey.ashtyn@example.org,"4110 Carley Path
Lake Joannie, CA 21343"
"Mr. Leone Kuhn",zreilly@example.com,"68794 Ethel Unions Apt. 334
Nikolausside, NC 54962"
"Maximillia Blick",jedediah72@example.org,"186 Weimann Passage Apt. 692
East Devin, WA 45712-0516"
"Jeffry Prohaska",nrempel@example.net,"3925 Harold Place Suite 398
New Maryse, NE 56434-7916"
"Brandon Dach DDS",pnitzsche@example.net,"26121 Hamill Run Suite 422
Brekkechester, HI 91859-6741"
"Lenny Kreiger",tillman.rocky@example.net,"117 Mayer Parkways
Danielport, GA 77173-0580"
"Angelina Dach III",yreinger@example.net,"82084 Mossie Plaza Suite 803
Abbotttown, SC 00690"
"Mr. Emiliano Kemmer",abalistreri@example.net,"860 Larson Flats
West Calista, ND 48128"
"Giovanna Witting",kylee.goyette@example.net,"8412 Griffin Creek
New Mikelstad, NJ 85554-3616"
"Orval White",madyson06@example.com,"51703 Pfannerstill Fords Suite 656
North Carmella, MT 08752"
"Jesus Herzog II",reece.nikolaus@example.net,"1997 Mayert Parkway
East Winfield, IL 13538-4957"
"Dayana Williamson",rshields@example.net,"1908 Tevin Manors Apt. 674
Port Bonita, MS 43010"
"Isabelle Kilback",zdoyle@example.net,"568 Colton Isle
South Mayechester, GA 16010-0153"
"Prof. Gavin Watsica",adalberto18@example.org,"3775 Sonia Hollow
North Torreyshire, OH 45823"
"Miss Adah Walker",lemke.alyce@example.com,"913 Rashad Harbors Apt. 090
Lake Zenaland, AK 71586"
"Kennith Batz",rory.heller@example.net,"93119 Considine Junctions
South Sandraberg, WI 84324"
"Mitchel West",morar.edmond@example.net,"11853 Hilbert Fall Apt. 303
Conroyside, WV 35434"
"Camilla Dach",evans86@example.com,"6659 Boyle Station Suite 643
New Yvonneland, CT 09787-8374"
"Dr. Blanca McClure",skreiger@example.com,"4818 Lubowitz Meadows Apt. 887
Kshlerinville, WV 08987-7017"
"Miss Amara Mayer",janae78@example.com,"608 Murphy Cape
New Magali, UT 65539"
"Dr. Morgan Bailey II",koepp.billie@example.com,"9380 O'Connell Place
Port Rachellefurt, OH 42389"
"Prof. Ezequiel Rippin DVM",amayer@example.com,"805 Savanah Shore Suite 684
East Nakia, HI 37277"
"Prof. Alvah Rice",mark.price@example.org,"79974 Spinka Extensions
Lake Merlport, NH 76617"
"Maude Bode",lou82@example.org,"66468 Marie Ridges Apt. 528
Millsshire, MI 75457"
"Nasir Stroman",dicki.friedrich@example.net,"41447 Fisher Neck
Colliertown, PA 56604"
"Prof. Jason Schiller",kuvalis.darrell@example.org,"80588 Walker Ridge
Nienowton, KS 23548-0032"
"Anissa Gibson",mina.price@example.net,"37301 Tyrese Inlet Suite 590
Lake Ernafurt, NV 21327"
"Mr. Mitchell Kirlin",ethel75@example.com,"659 Christian Camp
Curtville, KY 63838"
